State,Severity,accident_count,avg_Severity,avg_Start_Lat,avg_Start_Lng,avg_Distance(mi),avg_Temperature(F),avg_Wind_Chill(F),avg_Humidity(%),avg_Pressure(in),avg_Visibility(mi),avg_Wind_Speed(mph),avg_Precipitation(in),avg_day_of_week_num,avg_duration_minutes,count_true_Amenity,count_true_Bump,count_true_Crossing,count_true_Give_Way,count_true_Junction,count_true_No_Exit,count_true_Railway,count_true_Roundabout,count_true_Station,count_true_Stop,count_true_Traffic_Calming,count_true_Traffic_Signal,count_true_Turning_Loop,count_true_rush_hour,count_true_twilight,2023
CO,4,7503,4.0,39.389098293474056,-105.30227295663946,2.166844994921828,46.180474679177586,40.399819790301436,54.07382828701783,25.630264026402635,9.529823108240908,9.146794777761478,0.001628273000429246,4.123417299746768,192.33630992047634,30,0,512,44,509,26,50,0,53,329,1,593,0,2373,0,"5,901,339"
VA,2,230660,2.0,37.90158725025363,-77.60890994383527,0.8191884765928795,58.83665567042564,57.241957992634354,66.93200889931039,29.727626529298174,9.159162010659383,6.778849546610009,0.0061281532554395,4.110097112633313,133.7639126853385,3062,34,20330,1808,14407,828,799,10,2809,4356,147,31969,0,98648,0,"8,734,685"
UT,4,1646,4.0,40.14088548344226,-111.88171928852242,2.729415556030459,54.28649900727995,49.876760563380294,51.44738583719391,27.64984116479152,9.478765759787658,8.506622516556291,0.001051212938005391,3.9750911300121508,249.49046172539485,15,0,276,2,90,8,19,0,71,53,0,308,0,573,0,"3,443,222"
IA,2,17220,2.0,41.73462641655286,-93.27828882302524,1.72207950041441,43.02767056588088,34.12124891587165,73.15164154203659,29.22381885090218,8.152009170487704,11.018010752688175,0.004190606746930504,4.122764227642277,363.14367499032136,99,1,1062,81,1184,19,48,0,100,324,1,1446,0,7727,0,"3,218,414"
AR,2,19239,2.0,34.99828576052992,-92.39794839894792,1.4746462394235054,59.66990409579824,58.07529003578013,71.05622276543734,29.616754325625696,8.811701665075828,7.088831725616292,0.011425019836022213,4.091532823951349,107.95097198399087,41,0,910,15,1770,14,84,0,6,50,0,457,0,7341,0,"3,069,463"
NC,3,29590,3.0,35.60458200723217,-79.87373960351476,0.22886005404082735,64.48183796856105,62.63664256302097,68.44706288873532,29.631746261956557,8.875796259808498,7.145757122589056,0.012608862258761228,4.11588374450828,64.24778810408921,22,0,620,42,2929,11,25,0,38,37,1,1492,0,15252,0,"10,881,189"
AZ,2,140551,2.0,33.28289331880167,-111.7800617915625,0.5317794822255713,72.0173367809609,70.5372337965022,32.86755292237075,28.366547559870167,10.214439490399306,7.025158523226925,0.0012967909546635435,4.0886866688959875,137.5145157273873,2644,716,47545,1304,5093,1722,1663,3,4242,17414,742,39274,0,65093,0,"7,473,027"
MD,3,25450,3.0,39.22470406758348,-76.84978503355603,0.36047080499378353,58.34852865477007,53.484832330180566,67.07591566834128,29.981053372584157,8.885557892466158,7.391311063911951,0.006263453084735483,4.018585461689588,77.49834774066797,14,2,593,21,4648,6,147,0,87,47,39,1280,0,11888,0,"6,217,062"
TN,1,2335,1.0,35.913692585867246,-87.06037947880085,0.009823126312803151,72.00694682675815,71.93923010380622,64.39965694682675,29.399506861063468,9.463184740677239,6.908624407072014,0.004239177025289327,4.092505353319058,50.75972876516774,68,0,664,2,65,0,19,0,72,26,1,842,0,1431,0,"7,148,304"
MT,4,459,4.0,46.54150429127076,-111.53623871442467,2.2641263601598136,37.87860360360361,31.839853300733495,65.63513513513513,26.630921348314608,8.086448598130842,9.433096926713947,0.0019909502262443445,3.8453159041394334,1183.9449164851126,1,0,4,0,36,0,0,0,0,2,0,6,0,154,0,"1,131,302"
OK,2,75059,2.0,35.72510696591561,-96.9276116866651,0.04806209782671078,63.57841211404618,59.22096835976402,60.85124255742376,29.398791403626596,9.414759465418953,11.01716895863369,0.005502183994823119,4.048974806485565,141.4033873352962,1012,138,28705,600,1172,696,826,0,2169,11424,202,27717,0,39381,0,"4,063,882"
AZ,1,7389,1.0,32.95127505643523,-111.58892956286375,0.0049809175534054105,82.90560315517476,82.84513698630137,20.540334648347162,27.925008825526124,9.946319435012903,7.8975865830379055,4.704446854663775E-4,4.136148328596563,50.988943023413185,138,6,5876,140,30,160,204,0,213,373,6,6198,0,3074,0,"7,473,027"
RI,4,119,4.0,41.75508128015828,-71.48758582992134,0.8042268917981317,53.91681415929205,46.71428571428571,70.00884955752213,29.794649122807012,8.690350877192984,12.371296296296295,0.014821428571428574,4.218487394957983,180.05266106442576,0,0,4,1,17,0,1,0,0,0,0,8,0,37,0,"1,103,429"
TN,4,3489,4.0,35.87441128491141,-86.10604855752162,1.7169251935786118,61.24681897050318,59.0418227665706,68.65479293368085,29.508390903857215,9.164240762124711,6.462051761771124,0.007488425925925925,4.1014617368873605,555.1194516098212,20,0,64,3,424,0,10,0,14,16,0,118,0,1082,0,"7,148,304"
AL,2,76993,2.0,33.03988146072475,-86.82494947031171,0.4386157442981004,66.09955216016861,65.50343571524937,68.6497455891099,29.6916442119376,9.1311199273646,6.257308974639269,0.009997500559085467,4.090644604054914,92.22514860658325,259,0,1852,1796,3229,15,250,0,527,1054,8,18098,0,36496,0,"5,117,673"
NJ,1,199,1.0,40.1713394120603,-74.5425927839196,0.3281658298623322,65.61767676767677,65.04426229508196,69.83163265306122,29.912222222222226,9.02625641025641,7.5420212765957455,0.009393939393939395,3.9396984924623117,43.33190954773871,0,0,8,4,14,0,1,0,0,1,0,25,0,100,0,"9,379,642"
WV,3,524,3.0,38.71441073282443,-80.9073478587786,1.0854809176494715,56.772286821705436,50.95017793594306,72.94767441860465,29.74665384615384,8.1888246628131,7.193887530562348,0.018779069767441852,3.9885496183206106,135.40337150127226,0,0,14,0,77,0,5,0,0,2,0,16,0,157,0,"1,770,495"
TX,1,4233,1.0,31.190002645641393,-99.12515293739666,0.028982045593398027,78.0606990014265,78.06758080313416,62.90561103185925,28.65532668092183,9.556064209274673,7.7027476500361525,0.004379318560876818,3.9213323883770377,46.31958028191193,82,0,756,37,57,12,56,0,208,116,7,2040,0,2738,0,"30,727,890"
MN,3,29884,3.0,44.97599662695754,-93.25993207579319,0.7873892732408813,44.187613935588416,30.336782201405175,67.66454969258834,29.74186267570027,8.699108409321177,9.7754726493572,0.004299741421482978,4.115747557221256,64.14747691072151,7,0,1194,14,3903,5,21,0,311,47,0,1009,0,13864,0,"5,753,048"
NY,2,265901,2.0,41.56923613949827,-74.57259220773983,0.7147334684423511,54.75117605455352,50.82127892432772,66.15199509644417,29.787472041642022,8.953317944905129,8.850693553386929,0.014548070361665071,4.054708331296235,241.01033492415095,8690,115,36751,3031,32056,808,2559,3,6582,9504,331,41429,0,115647,0,"19,737,367"
NV,1,128,1.0,39.31986971875,-118.96462910156252,0.11890624952502549,69.29268292682927,69.10655737704919,33.422764227642276,25.344065040650392,10.041666666666666,5.254098360655738,0.0016129032258064516,3.8828125,53.035286458333324,1,0,18,0,0,0,0,0,1,7,0,45,0,67,0,"3,214,363"
CT,1,72,1.0,41.56815265277778,-72.82948263888888,0.218708332190911,66.36944444444445,64.45714285714286,71.58333333333333,29.823194444444443,8.770833333333334,6.240277777777779,0.00888888888888889,4.055555555555555,44.474768518518516,1,0,10,0,1,0,0,0,0,5,0,5,0,45,0,"3,643,023"
KY,3,12476,3.0,38.37983508279897,-85.39265997098428,0.3854859730030179,60.02967591099645,54.60877867179056,68.67817389901597,29.775496656730844,8.804181451612903,8.167416906568961,0.014621719822365754,4.078791279256172,59.8569760607032,35,0,237,1,745,1,3,0,21,91,0,505,0,6797,0,"4,550,595"
MS,2,10739,2.0,32.172719074122085,-89.71202547806747,0.8096551818633635,65.85377358490567,64.59384510560982,70.8940954180444,29.852783147227175,8.986158272024147,6.9125086181424225,0.011639992468461677,4.101778564112115,705.895246298538,22,0,361,357,1099,1,6,0,72,188,0,1545,0,4967,0,"2,943,172"
PA,3,31028,3.0,40.281341428355034,-76.7518482129689,2.1856942126061076,56.45144693484714,51.42099986924115,67.17379373427853,29.694783075671275,8.619249232577886,8.32643406477105,0.01034168039538714,4.06287869021529,58.55295485797774,150,3,1815,373,2284,84,95,0,112,518,40,3309,0,13652,0,"13,017,721"
CA,3,271814,3.0,35.15208399214547,-119.1935440396594,0.10089547994916678,65.57209436437115,64.61549646510984,60.32463322969179,29.845232743220343,9.115767172150978,7.2866726062337905,0.0026528766770842,4.086404673784279,59.04966386327923,361,117,5653,40,37282,251,3940,0,5359,2581,134,10509,0,98491,0,"39,198,693"
NV,4,720,4.0,38.54721006251707,-117.86544847815252,2.3991402767777448,56.091089108910886,47.18935281837161,41.97029702970297,27.587605633802813,9.579302987197725,8.220496894409937,0.001218130311614731,4.030555555555556,6918.555138888888,2,0,46,6,52,1,1,0,2,19,0,90,0,234,0,"3,214,363"
IL,2,105273,2.0,41.90213300580203,-88.05415879107653,0.3155712480571066,51.28941693938497,41.82897368220694,68.67562640194721,29.650838747784988,8.745013000669152,9.840513118843607,0.00416962585066569,4.00742830545344,137.64244741450014,2108,2,27202,6,4161,1102,1979,14,7147,4910,38,42444,0,59702,0,"12,642,259"
NJ,4,5887,4.0,40.33794871923498,-74.51995507102404,0.7195209786860347,56.59737573861661,52.381231605161865,66.01154047910474,29.961946459412797,9.075088401697313,7.689746001881468,0.006623467600700527,4.11652794292509,2169.457154181531,57,0,372,48,513,13,38,0,104,46,5,1118,0,1851,0,"9,379,642"
LA,4,1945,4.0,30.504796400029058,-91.24571588242613,2.725104883389607,69.82971972501322,69.23160054719561,74.38506355932203,30.00335436382755,9.087204641350214,7.666813914964109,0.007768508863399377,4.015424164524422,93379.09610111397,15,0,22,1,314,1,26,0,0,6,0,105,0,758,0,"4,588,071"
CA,4,13502,4.0,35.74077644881099,-119.49003382658135,0.9571594581081214,64.59866106797654,64.56574413693454,60.09041835357625,29.603787950291014,9.161092775365177,6.6639360459894,0.0024451658880354737,3.9867427047844766,941.2203821656053,148,1,808,26,1884,4,121,0,364,537,1,1492,0,4042,0,"39,198,693"
NH,4,254,4.0,43.35126080553885,-71.45446953188055,1.7243189058791928,50.93162055335968,43.10588235294117,60.6798418972332,29.805258964143434,9.577620967741936,7.615695067264574,0.005101214574898787,3.5354330708661417,327.21640419947505,3,0,6,1,13,0,0,0,1,13,0,7,0,105,0,"1,402,199"
RI,1,189,1.0,41.756986925925936,-71.45403477777779,2.6455026455026456E-5,64.58510638297872,64.01063829787235,64.99468085106383,29.792393617021272,9.302702702702703,9.058510638297872,0.004946808510638298,3.9682539682539684,38.891358024691364,5,0,12,3,19,0,2,0,0,1,0,23,0,115,0,"1,103,429"
MO,4,2882,4.0,38.671154946405466,-92.21642632942054,1.2912470498102806,55.23992945326278,49.04065335753176,69.60473330978454,29.606261913166257,9.022076541459956,8.539527913076059,0.00760056959772161,4.101665510062457,638.8890527411519,10,0,77,23,570,8,12,0,22,15,0,208,0,898,0,"6,208,038"
SC,2,330817,2.0,34.20688562016015,-81.21566300712647,0.29639437507676547,64.01313178576153,62.97110705417357,68.59482392218943,29.662361175563074,9.080263590620074,6.043614165446172,0.005582305304443194,4.068624042899851,112.42606964978589,1666,13,25915,381,7103,1563,3943,4,1498,13708,15,45887,0,159854,0,"5,387,830"
MI,2,113020,2.0,42.75147525893115,-84.13377852560286,0.46678752432146003,49.138935556836834,40.745468797965174,70.097505568324,29.501306024395426,8.512911363192558,9.430446408131491,0.005186672019269364,4.078065829056804,97.06572229103983,1324,0,12590,29,10366,250,422,12,6048,718,13,19140,0,52815,0,"10,083,356"
NE,2,24047,2.0,41.21948472721849,-96.18715806337052,0.25609622823827066,53.840057709195825,41.69925595238094,66.08870394379156,29.610730709844347,9.186624124124126,9.461565272496834,0.003735255007935486,4.013598369859026,87.2267517777685,475,12,7822,191,354,121,66,0,718,1379,12,10368,0,14709,0,"1,987,864"
MD,1,517,1.0,39.095486984526104,-76.86287874854933,0.24064990315734763,64.06215596330273,63.237017994858604,68.3348623853211,29.821227678571425,9.12590799031477,6.131188118811881,0.0032568807339449545,4.123791102514507,37.76208897485494,10,0,96,2,52,3,0,0,26,11,2,153,0,329,0,"6,217,062"
AL,3,21542,3.0,32.90374181324854,-86.91716420583049,0.49501903217606835,67.71312420874949,67.11471973166483,69.90091656874266,29.76648808130006,8.949285279092658,6.962513295851693,0.017315103428733342,4.120787299229412,64.4229714046978,37,0,127,44,1130,0,8,0,13,26,0,624,0,11041,0,"5,117,673"
AZ,3,17551,3.0,33.51594882257421,-112.02964138727143,0.4966916430434712,74.26024733931864,73.42455820207454,31.588483730890488,29.05145098271371,10.134238834261344,7.401739245884228,0.0010837995476728958,4.11406757449718,74.98074848536648,60,0,1907,19,714,14,25,1,6,177,0,2371,0,7655,0,"7,473,027"
IA,3,6953,3.0,41.67313553099382,-93.43274949417517,2.1740523501055975,50.03706592113007,38.72619483424853,69.79896831245394,29.576394887615674,8.633771411695214,10.65247478665632,0.006307346326836581,4.032216309506688,797.7918716141714,8,0,162,12,244,5,3,0,3,44,0,206,0,3774,0,"3,218,414"
DC,3,1177,3.0,38.880020295666945,-77.01107332115545,0.16676465612874006,60.89765853658537,56.31241084165478,64.33560975609755,30.001356097560983,9.529365853658534,9.098069105691055,0.002236328125,3.8394222599830075,84.10940243557064,39,0,117,1,219,2,6,0,26,9,0,161,0,620,0,"687,324"
MD,2,103558,2.0,39.1564190450276,-76.83689529542454,0.7413555978316908,56.32309658031542,54.24583970553928,67.87515094298197,29.89490177137152,8.874967803566374,6.34120687127358,0.0037805150425479594,4.108142297070241,113.60028454263957,924,30,7757,297,11373,165,414,4,2123,1201,391,13022,0,42409,0,"6,217,062"
MI,4,7635,4.0,42.72514286914176,-84.39884066399804,1.1278582842640745,49.94832762707399,41.50330188679247,70.32419609910384,29.56578774329301,8.413888303477345,9.202118762196822,0.0043328396391544375,4.124819908316962,1358.5457258240554,41,1,376,8,1132,13,24,0,53,74,1,608,0,2522,0,"10,083,356"
WA,3,29926,3.0,47.48418388261044,-122.19431745973407,0.30738515006829586,53.69070266644306,50.033194914385305,73.80889322085167,29.905039557492465,9.004162661737524,7.16511000337319,0.005507804512303176,4.094934170955022,83.73972298335899,332,31,1572,115,1861,72,127,2,502,195,35,1538,0,10889,0,"7,857,320"
OH,3,30589,3.0,40.294269280558375,-83.0465063284187,0.699611658087486,54.901674326986225,48.89091379980145,70.78083273038216,29.57053420836751,8.64215728123461,9.148951876871651,0.00957855170807969,4.023014809245153,107.55083145357266,23,0,319,4,2372,52,8,0,64,32,5,990,0,18353,0,"11,824,034"
MN,2,160844,2.0,45.085738050862346,-93.488762761659,0.8208573213579634,36.27943157642217,28.50730881124909,72.24025707298269,29.06908062127848,8.054070072844874,9.405088776568173,0.0033214400941337127,4.078883887493472,116.87348932298777,280,0,7342,867,16241,100,522,0,1822,3069,1,8398,0,63860,0,"5,753,048"
KS,3,5321,3.0,38.9760948816012,-94.82938964066905,0.19603458056193818,56.469521861416524,51.7229091995221,68.7124584292658,29.319199897750504,8.710872122762147,9.368634590377113,0.01409172431462977,4.003758691975193,78.10228653761823,1,0,125,3,471,2,14,0,0,8,0,244,0,2944,0,"2,951,500"
MS,4,843,4.0,32.50463377810981,-89.7971831592257,1.586383155171133,63.090342298288505,61.409000000000006,70.78335373317013,29.85183574879227,9.182869249394674,6.757788944723619,0.010391676866585065,4.111506524317912,819.0396401739821,0,0,3,6,115,0,1,0,0,8,0,33,0,297,0,"2,943,172"
OH,2,79371,2.0,40.154682976594835,-83.30658188702459,0.4341472199657288,50.40317868545078,43.78805200453566,71.49154348791474,29.45531702130353,8.491531027660464,9.103685474348945,0.005699674867514902,4.093308639175517,123.40994128838,1435,16,7989,70,3982,44,248,7,1774,867,28,17042,0,47290,0,"11,824,034"
LA,3,17573,3.0,30.486588535708208,-91.20027581983727,0.4153654469427618,71.42377158034526,71.09279527240346,70.8293373389566,30.013525353570206,9.016699410609037,8.286341255850708,0.013989190432382703,4.081033403516758,61.708189646996324,111,0,125,5,983,106,134,0,27,9,0,1122,0,8202,0,"4,588,071"
TN,3,28510,3.0,35.81770310427919,-86.7388382024904,0.466806418770399,63.53433798646363,60.519194203196456,67.55441949018086,29.703268249780113,8.918545134612001,7.466301012580551,0.0137406844912231,4.050403367239565,62.75379282123232,19,0,208,0,2242,6,15,0,14,4,39,394,0,14461,0,"7,148,304"
IN,1,327,1.0,39.91029125076452,-86.13917981651375,0.11889602358990124,65.44347826086957,64.69228295819937,79.6875,29.204627329192544,9.122670807453416,5.791849529780564,0.0044409937888198765,4.00611620795107,40.60239551478083,2,0,71,0,2,1,5,0,8,6,0,122,0,239,0,"6,880,131"
OR,2,162708,2.0,44.568170529739085,-122.02179442363385,0.9473900668979471,50.87523365071413,48.24068756276308,69.82912475321989,29.16397459686743,8.676856065115638,7.219951003111955,0.00545984814200233,4.070715637829732,926.5323386065837,2336,200,11557,181,7939,190,2375,1,3819,3292,228,8735,0,56109,0,"4,253,653"
MS,3,3570,3.0,32.12213716330533,-89.82568078375348,0.28035378075135187,67.61369589977221,65.7731890459364,72.1948717948718,29.919712741751994,8.968429752066115,7.294802365390601,0.018547598504457863,4.036694677871148,61.86898225957049,1,0,8,18,136,0,0,0,1,5,0,76,0,2223,0,"2,943,172"
AR,3,677,3.0,34.98341747415067,-92.11931173855244,0.7850753352777644,62.67346625766871,60.82432432432432,75.12267080745342,29.73019877675841,8.824193548387097,7.5310289389067515,0.014813084112149532,4.165435745937962,51.97469226981783,1,0,16,2,80,1,5,0,0,0,0,13,0,317,0,"3,069,463"
KY,1,291,1.0,38.36620624398625,-84.80693208934707,0.09243986333153911,69.68797250859106,69.67087719298246,73.893470790378,29.179621993127142,8.473367697594501,7.165277777777778,0.010756013745704467,3.9278350515463916,41.57623138602521,14,1,71,0,1,0,1,0,23,4,1,122,0,225,0,"4,550,595"
GA,1,1007,1.0,33.46794138232374,-82.918755714995,0.06824528278876558,73.1854124748491,73.27538461538461,69.19014084507042,29.45992964824121,9.193045226130653,5.9796352583586625,0.007381671701913393,4.015888778550149,46.12414763323403,6,0,165,6,57,2,13,0,1,6,1,341,0,661,0,"11,064,432"
MO,1,270,1.0,38.49874297037037,-91.70149421851849,0.08865555525532476,67.19405204460966,66.67832699619773,75.37174721189591,29.254312267657994,9.154275092936803,7.47191011235955,0.016171003717472116,4.0962962962962965,39.45444444444445,1,0,5,5,25,0,2,0,2,10,0,51,0,219,0,"6,208,038"
DC,4,821,4.0,38.89667933502,-77.00332190078255,0.21123873316646344,58.280397350993375,55.30363636363636,60.35629139072848,29.954304635761584,9.548304635761589,8.303190013869624,9.479305740987986E-4,3.889159561510353,1744.9897685749086,128,0,269,2,49,0,24,0,71,33,0,320,0,370,0,"687,324"
SD,2,221,2.0,43.776555013801286,-97.92927647200587,1.3250316742081445,53.31447963800905,49.88232558139535,60.28506787330317,28.311312217194573,9.549626168224298,10.276018099547509,6.818181818181819E-4,4.34841628959276,697.0295625942686,1,0,17,0,3,1,3,0,0,2,0,33,0,52,0,"918,305"
ND,2,3455,2.0,47.168705466719736,-99.36544505055267,1.7965027496382053,33.61715271244904,24.747686945500636,74.79968404423381,28.453653425086017,7.409424596901675,13.257854889589906,0.001824451410658307,4.124457308248915,116.60252291365168,0,0,35,3,243,0,4,0,0,39,0,36,0,1205,0,"789,047"
WY,3,181,3.0,41.83675498895028,-106.60793067403313,2.688651927247232,32.276404494382014,21.313475177304962,71.2752808988764,27.73011299435028,8.93125,13.066883116883114,8.484848484848484E-4,3.281767955801105,78.76160220994477,0,0,0,0,12,0,0,0,0,1,0,2,0,58,0,"585,067"
NH,2,7818,2.0,43.0977815722082,-71.45641496384253,0.3745612684829433,47.919741768883156,39.66885509838999,68.72327775623627,29.823597678916823,8.281635326157438,7.615048614134378,0.008630581516095536,3.966487592734715,143.73146158437794,65,0,344,33,284,17,24,0,89,511,5,597,0,3997,0,"1,402,199"
WA,2,73339,2.0,47.46914278568239,-122.0690972045167,0.5135910906387554,53.3065237357606,49.72651036970241,72.74350100935196,29.83874924702917,9.05319318025574,6.8976959627050825,0.004794685655703626,4.079930187212806,160.24194789493544,6871,77,20258,446,4056,368,1840,7,6146,3523,214,15687,0,30187,0,"7,857,320"
AZ,4,5116,4.0,33.78327003798785,-111.8989073135456,2.04128127597686,69.53057480635955,66.32300718974679,36.096063634509484,28.522555039385978,10.819212072108567,7.604297929792981,0.0011885412433969933,4.077404222048475,1031.775573364608,93,2,1023,28,334,44,53,0,112,326,2,978,0,1613,0,"7,473,027"
VA,4,18202,4.0,37.8176044585813,-78.06386263261858,0.8546317436646479,58.347679522443975,56.58685218794112,67.7995890813032,29.520308756832183,9.218452124249666,6.211574870912222,0.004753046824887748,4.0691132842544775,319.2101014540525,110,1,713,103,761,45,95,0,74,355,2,1251,0,5971,0,"8,734,685"
MA,1,1500,1.0,42.27421649800001,-71.11487322933331,0.18143866662653288,67.46579476861167,66.99034436191762,64.97029034436191,29.852588392261506,9.451916610625421,8.812373907195695,0.0032219251336898396,4.056,47.8942888888889,88,1,372,17,76,1,19,0,178,151,1,426,0,978,0,"7,066,568"
TX,4,7209,4.0,31.223860000456177,-97.15057075006217,1.306370370961611,69.18804639977367,67.48305316653634,66.54859733635591,29.524926636568843,9.153035284115061,8.712756093913564,0.004586348800908187,4.045914828686365,719.3096430387943,21,0,160,43,1353,1,34,0,25,30,1,475,0,2505,0,"30,727,890"
CT,2,50392,2.0,41.452472189495154,-72.93352056937943,1.1983700388374183,54.276241982391134,51.26185402944168,66.41778185516843,29.862991313681444,8.923792492988287,7.733112542164981,0.007285799641505666,4.159311001746309,146.16204754722972,282,0,1436,141,6191,66,126,0,45,586,0,1619,0,19998,0,"3,643,023"
NH,1,82,1.0,43.15267070731707,-71.4889188414634,0.0,66.19390243902438,65.9275,68.46341463414635,29.5405,9.05,6.5777777777777775,0.002317073170731707,3.7195121951219514,48.97947154471545,1,0,9,1,1,0,1,0,1,14,0,24,0,59,0,"1,402,199"
ME,3,316,3.0,44.076737278481005,-69.91884207594937,1.4630189948074424,49.80031746031746,46.08474576271187,70.95873015873016,29.818888888888885,8.301746031746033,7.8809061488673136,0.014171974522292994,4.170886075949367,82.40279535864978,0,0,0,1,26,0,0,0,0,0,0,0,0,185,0,"1,399,646"
ND,3,14,3.0,46.95046078571429,-98.18186414285715,0.030928571428571427,50.728571428571435,35.04,70.42857142857143,29.622142857142855,8.75,11.735714285714284,0.0,4.0,39.319047619047616,0,0,0,0,0,0,0,0,0,0,0,0,0,8,0,"789,047"
MN,4,863,4.0,44.9450904002334,-93.45930730399212,1.6508145998726027,49.4085409252669,42.597,65.54092526690391,29.269267139479904,9.003388822829965,9.782978723404252,0.0012681159420289858,4.024333719582851,3407.838489764389,1,0,49,8,120,0,2,0,9,29,0,65,0,268,0,"5,753,048"
MD,4,10892,4.0,39.18367318552262,-76.80793607232756,0.8139738344110157,56.36643485375331,53.145112990433944,69.18473032442944,29.899136778115494,8.841685490877495,6.788964937560039,0.004133036754581083,4.038468600807932,832.8948050556984,72,2,593,37,1012,9,41,1,157,255,32,1453,0,3445,0,"6,217,062"
NV,2,17122,2.0,39.09141722354173,-118.49707438212417,0.8491565232075078,54.90031347962383,50.34201896342769,44.55184659090909,26.59898281056176,9.305457095118749,7.301324377415878,0.0018121402717617048,4.0151851419226725,3990.9364735428103,61,0,1949,93,1069,29,16,0,93,572,0,3035,0,7774,0,"3,214,363"
ID,3,225,3.0,44.390850551111114,-115.42864760888887,3.145022219392988,51.13169642857143,43.185211267605645,59.705357142857146,28.69251121076233,8.829017857142857,8.085416666666664,0.0033944954128440376,4.306666666666667,802.0262962962961,0,0,8,0,18,0,1,0,0,5,0,12,0,86,0,"1,971,122"
NM,3,2849,3.0,34.90161587328887,-106.66297836504036,1.131603717800273,60.9582863187588,56.73986862051541,38.49294781382228,27.239961212976024,9.730271509167842,9.321593927893735,0.002301672002845962,4.1302211302211305,69.32012987012988,0,0,81,2,202,0,0,0,0,0,0,114,0,1628,0,"2,121,164"
DE,1,234,1.0,39.6819942991453,-75.60306556837608,0.08064957268523354,69.068669527897,68.83549783549783,72.27896995708154,29.93523605150214,9.302575107296137,7.73991416309013,0.008540772532188842,4.004273504273504,42.0457264957265,2,0,55,2,0,2,1,0,1,10,0,90,0,193,0,"1,036,423"
VA,1,3115,1.0,37.57788726067417,-77.38610629983947,0.2838179775161307,66.0609996711608,65.75872805564755,72.25109243697479,29.757013455858225,9.163368351936967,7.715141540487162,0.008010488364470667,4.064205457463885,47.475371856607794,50,1,676,62,123,9,9,0,71,68,3,1518,0,2305,0,"8,734,685"
NV,3,3688,3.0,39.45744173535792,-118.93253015645338,0.5902738606948773,58.24452933151432,53.470844212358585,42.20884520884521,28.264451402123612,9.448470363288719,8.27717965653897,0.0023100303951367773,4.106832971800434,77.81427151120754,1,0,333,6,124,2,0,0,3,17,0,417,0,1943,0,"3,214,363"
IN,3,15877,3.0,40.027124340366576,-86.32304175820364,0.7468420987106302,55.29854164001535,49.04224951203643,71.59974185221039,29.555356049004597,8.831677126024587,8.71215462184874,0.005930685358255451,4.119481010266423,77.67204656631188,5,0,441,15,1054,5,8,0,19,16,1,805,0,8031,0,"6,880,131"
MS,1,29,1.0,33.05067827586207,-89.72276234482757,0.0603448275862069,75.65517241379311,75.65517241379311,79.93103448275862,29.74896551724138,8.827586206896552,5.413793103448276,0.003793103448275862,3.3793103448275863,40.49195402298851,0,0,2,2,1,0,0,0,1,1,0,5,0,20,0,"2,943,172"
OR,3,9724,3.0,44.96676288533526,-122.38661693870831,0.9198123194812097,54.6911113410596,51.25002203613928,68.67846790890269,29.81310059904979,8.887684101501815,7.3451257679378665,0.005871338912133891,4.090600575894694,274.36259598244885,102,4,644,5,716,6,271,0,339,85,4,536,0,3833,0,"4,253,653"
KY,2,18255,2.0,38.33231943288763,-85.08369475524835,0.38593568896273817,57.39653841913792,53.41077447969977,70.8968275862069,29.572656818432353,8.800961135033678,7.863416044884029,0.008170576869997236,4.01594083812654,251.73386286862043,397,11,2656,23,1374,10,56,16,1083,242,11,4453,0,11868,0,"4,550,595"
DE,3,715,3.0,39.64350828951049,-75.57909378321676,0.603222377821824,60.33338028169014,55.44509803921567,67.53098591549296,29.973253856942492,8.926379066478075,9.340875912408759,0.00912676056338028,4.030769230769231,99.25913752913752,1,0,40,0,66,1,1,0,0,2,1,88,0,330,0,"1,036,423"
TX,3,120441,3.0,31.390470938027754,-96.79053587668662,0.13725757015910225,70.60377143827476,68.17718051004417,64.10170888603744,29.760162680237492,9.235520960832316,9.15307922679008,0.006707859868787787,4.1089247017211745,77.14488504745064,221,4,4490,2034,11169,62,282,0,211,667,25,18110,0,59784,0,"30,727,890"
IL,4,4317,4.0,41.40710244649088,-88.22578116076168,1.2003504749999043,52.474994168416146,44.35551425030978,69.32462077012835,29.680686845168804,9.080658724597056,9.488949590265708,0.003239370448672774,3.9453324067639564,611.5439464134045,76,0,652,2,503,26,105,0,297,108,0,827,0,1455,0,"12,642,259"
CO,3,26299,3.0,39.6066756329138,-105.00378762173463,0.6056540934061727,51.795079133374315,47.69794370783904,48.30897214217099,26.233055342633772,12.968664869029276,8.677983986861019,9.698343232260083E-4,4.17050077949732,63.60661178498552,81,88,904,174,1736,186,88,0,61,169,92,1222,0,12541,0,"5,901,339"
ME,4,119,4.0,44.232632529411774,-69.82404021008404,2.822050414628342,49.291525423728814,41.04210526315789,73.10169491525424,29.901680672268903,8.542413793103448,7.5280000000000005,0.005344827586206897,3.823529411764706,293.7399159663865,0,0,4,3,10,0,0,0,0,2,0,4,0,48,0,"1,399,646"
MT,2,27889,2.0,46.51676746109901,-111.62131415329429,2.1911912223730847,31.866097158570117,26.116368571747294,69.45795250156003,25.988474818038856,7.515096875349981,8.363646138444997,0.003007384120485449,3.9357094194843847,352.876190732308,92,0,366,1,1029,4,120,0,34,50,2,346,0,9209,0,"1,131,302"
WI,2,21530,2.0,43.36995795953056,-88.6471606299247,0.5618358568625801,46.12038698822211,39.239650752963804,70.69872873434286,29.374237034962437,8.226509182672087,9.383389715832209,0.005166690445617538,4.023641430562006,120.16855163337978,244,2,2803,110,2206,79,71,0,879,288,67,2147,0,11647,0,"5,930,405"
DE,4,1552,4.0,39.358176329347,-75.5599530905549,0.8002493554166296,59.18154645873944,55.49167340339531,67.52765126870527,29.983937823834204,9.314681404421327,9.03456375838926,0.004983670803396474,3.9967783505154637,867.8111254295534,4,0,117,3,65,10,30,0,4,29,0,275,0,469,0,"1,036,423"
GA,3,61245,3.0,33.676710727275726,-84.2279173874766,0.21963670475500646,66.21901250931987,63.94788643877913,67.4540495730747,29.64261746629657,9.01484033669032,7.279017709215432,0.00993139885944313,4.090489019511796,67.05886793479738,43,0,830,57,4272,8,239,0,27,70,4,2119,0,27292,0,"11,064,432"
IA,4,2066,4.0,41.90846618992741,-93.37087909376325,2.547877055889639,41.701235177865605,32.2352286049238,76.0852751611304,29.276523244312557,8.15569292123629,10.890263157894733,0.003395939086294416,3.9433688286544046,1786.8850435624395,3,0,52,14,133,0,13,0,0,101,0,81,0,603,0,"3,218,414"
NY,4,10749,4.0,41.913679275886,-74.71299654523918,1.03252581612777,52.81002628614345,46.44178851963745,67.55204810221721,29.769594085515152,9.067283985630553,8.965269521410582,0.010333617666571884,4.000930319099451,539.6845737587992,447,8,1547,155,1027,32,134,0,368,496,13,1788,0,3526,0,"19,737,367"
OK,1,1303,1.0,35.78042642670759,-96.77347103069839,0.009607828199726201,80.60883256528419,80.65878220140515,60.59907834101382,28.88947004608295,9.574558032282859,9.669326103795507,0.009454265949269795,4.085955487336915,48.2035047326682,20,3,511,11,27,14,10,0,32,229,4,490,0,891,0,"4,063,882"
ME,2,2259,2.0,43.98013079066373,-70.01759632005576,0.7314524139425247,50.21803131991053,41.296030729833554,69.34646374216652,29.9097091722595,8.415634813817855,8.344093339815267,0.00960018173557474,4.157149181053564,169.3978825438985,4,0,18,32,173,0,2,0,2,5,0,28,0,1012,0,"1,399,646"
GA,2,94205,2.0,33.56182375169073,-83.83820643034998,0.8218420041625426,63.03340773890147,61.24447975754649,70.03509590348898,29.462894191766594,8.947492068648154,6.322208370847477,0.007773941644793446,4.047704474284805,111.24903331387227,587,0,8144,322,8569,57,633,0,320,775,129,13614,0,43724,0,"11,064,432"
SC,4,3095,4.0,34.19210858890357,-81.23879140262166,2.007031341123673,64.13040783034258,63.17829977628636,69.80476656872348,29.64859843546285,9.002165958836983,5.634865238424325,0.007121311475409836,4.107592891760905,653.4711039310714,6,2,70,1,312,3,15,0,4,59,2,115,0,1000,0,"5,387,830"
CO,2,56105,2.0,39.52294476139074,-105.10198672047909,0.8728380894925439,45.52399089365084,39.70022262827379,54.146175135213355,25.62940988749459,10.739116783824915,8.359724733966614,0.0010945273631840797,4.106407628553605,100.98951935359297,963,30,12612,376,3309,445,446,1,1206,2144,42,12880,0,32231,0,"5,901,339"
TN,2,133054,2.0,35.869275373251575,-86.51378448565112,0.5412059238576203,62.01040249219303,60.18642479722101,64.62290306757725,29.52380674414577,9.140354648403065,7.000815891882579,0.008550438232587616,4.095750597501766,112.79121760087388,3004,5,21032,225,8133,57,664,2,2026,1113,95,19978,0,65485,0,"7,148,304"
KS,4,800,4.0,38.65403165339552,-95.92019757318009,2.482163750375509,57.462747875354104,53.31732673267326,67.19830028328612,29.046115819209046,8.637331420373028,9.574747474747475,0.004964539007092199,4.055,1396.5238124999998,3,0,27,6,163,0,7,0,0,22,0,28,0,306,0,"2,951,500"
NY,1,1247,1.0,41.81197501924619,-74.63174599117883,0.7009743387798786,62.205165456012914,61.11659852820932,65.4132364810331,29.598236714975847,9.485995165189363,8.523238866396762,0.005531400966183576,4.162790697674419,51.147540764501464,28,0,195,15,129,1,6,0,20,30,0,272,0,718,0,"19,737,367"
WA,1,865,1.0,47.4808624450867,-121.97345062774566,0.039106358432494145,58.40520231213873,57.93667452830189,68.26589595375722,29.705156431054462,9.609826589595375,5.941520467836257,0.0014797687861271681,3.8959537572254335,34.874971098265895,110,3,376,8,41,8,27,0,143,37,7,365,0,462,0,"7,857,320"
OR,4,5887,4.0,44.903281691359226,-121.77344567949987,3.2064973679090256,52.489175168597605,49.8950701320132,67.75721943627875,29.385399311531838,8.444038660683466,7.2594279262325925,0.00482405962905183,3.959062340750807,1789.8984825321334,94,6,544,12,330,16,91,0,232,135,6,353,0,1944,0,"4,253,653"
NJ,2,113315,2.0,40.48001944990099,-74.40558274377948,0.6517874421157949,57.298253310512564,54.298449530528835,64.45251507780782,29.96359269398195,8.92981762332661,8.024783093586374,0.013174247016566101,4.0878965715042135,142.9024995219815,661,4,4870,695,11407,267,655,0,891,977,145,10538,0,49559,0,"9,379,642"
WI,4,3462,4.0,43.67458918458203,-89.12921652101531,1.2689794916942723,47.61033274956218,38.02879330943847,70.47373029772329,29.601048645499553,8.574015173621243,9.548686739269698,0.0029388738331827756,3.938474870017331,274.10200751010973,45,0,277,8,270,18,26,0,47,95,5,195,0,966,0,"5,930,405"
RI,3,7728,3.0,41.80304229697204,-71.42852736891821,0.05999301250480059,55.62789922687283,48.30266062278281,68.24413333333334,29.90653074777527,8.877375999999998,9.661815622800846,0.009162226957911562,4.131728778467909,52.877969720496914,1,0,278,604,1151,0,113,0,0,1,0,176,0,4197,0,"1,103,429"
NE,1,93,1.0,41.204252827956985,-96.05516966666666,0.1369462370975043,64.96021505376345,63.349999999999994,67.49462365591398,29.018924731182807,9.288172043010752,7.979775280898877,0.0013043478260869564,4.032258064516129,40.79695340501792,2,0,18,0,1,1,1,0,1,4,0,26,0,74,0,"1,987,864"
CT,4,4172,4.0,41.58811077942174,-72.70618277365003,0.9727375365011642,53.146742277992296,48.88681155105685,68.16332447451074,29.824468802698142,9.065362563237775,7.622185175686073,0.00417070805043647,4.034755512943432,438.0074384787472,30,0,219,6,416,1,11,0,9,233,0,333,0,1088,0,"3,643,023"
UT,3,14999,3.0,40.46799765597705,-111.938578775185,0.7335655053348281,54.40957225913621,48.48332395950506,52.94787845227383,27.739584717607983,9.130051267839823,8.674861899356793,0.003297924383255294,4.122541502766851,75.65867946752005,16,0,1002,7,894,9,131,0,83,83,0,2016,0,7552,0,"3,443,222"
NC,1,5139,1.0,35.46946928682623,-80.04856665129402,0.07048997855565153,72.5376572327044,72.38263272153148,67.26100628930817,29.33243121069182,9.276660114016119,6.810092647348709,0.008425398073520739,4.177077252383732,169.8235130051242,88,2,1368,68,183,33,97,0,147,104,2,1857,0,3203,0,"10,881,189"
NJ,3,21318,3.0,40.53187847926637,-74.43100115859833,0.3303793045431922,57.06171714762701,51.754093278850206,66.06223709369024,29.98174022518885,8.714819832944832,8.487263596538094,0.01518676834895807,4.038089877099165,78.68844794696186,31,0,292,32,2357,4,14,0,62,45,36,850,0,10377,0,"9,379,642"
PA,4,15866,4.0,40.516587822546455,-77.48339808027502,1.958420522527633,52.03347512245422,48.03781287246722,69.77292660905457,29.36820649726601,8.733292305709497,7.418164552669062,0.004851369729939769,4.017332661036178,694.4915847304508,184,2,1025,311,1749,39,129,0,136,1227,5,2059,0,4429,0,"13,017,721"
LA,2,127647,2.0,30.573473108457318,-91.33856116221318,0.3825093421675255,69.66489690640331,68.59279467369656,70.42916021855162,30.003866098523545,9.181930723153052,7.7139438545359305,0.008423934421070856,4.1009189405156405,15162.170113803422,2423,23,7411,161,4065,53,3608,0,2222,957,35,23128,0,55899,0,"4,588,071"
MO,2,48766,2.0,38.591309286125906,-93.00136516525782,0.7261604806262627,53.90400680596767,48.66754756369501,67.24317530228113,29.3197619836079,8.853551595954562,9.248766232386135,0.007749953202021664,4.114054874297667,122.27237487867231,219,1,1492,545,7703,113,239,0,872,262,1,4697,0,22534,0,"6,208,038"
NY,3,70062,3.0,41.47102451945416,-74.47064092528036,0.8475289877566006,55.361635943045144,47.275971354888185,64.60198025493267,29.924448236468017,9.008945435693613,9.608535576607935,0.03350267495976688,4.007165082355628,64.92286260740488,1264,53,7316,312,9392,149,638,0,786,1225,352,7304,0,30768,0,"19,737,367"
RI,2,8935,2.0,41.79235317242215,-71.4466765163867,0.4566558475912902,53.86446146703806,47.73864257515943,68.84789681617477,29.877436727146655,8.88181395348837,9.449030003614892,0.008127610208816709,4.0565193060996085,114.37403656034323,37,0,294,149,1109,1,167,0,5,32,1,617,0,5012,0,"1,103,429"
NM,4,573,4.0,34.485804630964665,-106.18919697888158,3.54728272190768,58.696991150442486,52.62506024096387,42.469026548672566,26.878353982300887,9.657522123893806,10.02911153119093,0.0010714285714285715,4.157068062827225,213.59854566608496,5,0,12,1,66,0,0,0,0,9,0,28,0,191,0,"2,121,164"
AR,4,2827,4.0,34.96495827168617,-92.40461507767937,1.2226084187628738,60.255471014492755,58.4286220472441,69.7889575009081,29.61681489515545,8.970468579731202,6.874046372475694,0.007411552346570399,4.0523523169437565,112.45362575168022,8,0,44,2,168,0,26,0,0,12,0,36,0,1047,0,"3,069,463"
MA,2,41326,2.0,42.32717808747034,-71.18160411418035,0.21690603978408574,51.9248465809468,46.25882083816262,67.46754133541432,29.933583937344952,8.745335242971937,9.146523928190003,0.007130832617157869,4.008372453177176,70.54591984061693,2292,24,7957,312,3391,40,505,0,4475,2656,32,8323,0,28924,0,"7,066,568"
IL,1,1620,1.0,41.86692343580247,-88.02649154320989,0.03466851838224648,67.68877105427323,67.3132911392405,70.02315394242804,29.262626325639424,9.445451653944021,7.872704402515721,0.004154709918902058,3.9925925925925925,41.40476337448561,72,0,610,0,39,22,42,0,191,101,1,842,0,1262,0,"12,642,259"
OR,1,1323,1.0,45.44364065306122,-122.65441340060471,0.02667800446036001,63.32048374905518,63.03267477203647,55.613756613756614,29.943378684807254,9.80196523053666,6.707446808510638,0.003673469387755101,4.264550264550264,22.32105064247922,156,3,887,11,27,12,88,0,384,80,6,728,0,650,0,"4,253,653"
CA,2,1445831,2.0,35.708420039274934,-119.54615137482492,0.5547155075434173,63.5596175708244,62.67983388258019,58.389286367384926,29.590515995755435,9.080866670019043,6.422207430090348,0.0028677753194121794,4.1024850068922305,124.50605888009505,12437,895,84960,2101,144906,1610,13677,59,35060,51898,1334,120940,0,532605,0,"39,198,693"
NE,4,579,4.0,41.14371343124678,-97.44680204324813,3.3231848002431295,52.28178633975481,45.42851063829787,67.64973730297723,28.8137937062937,8.965868794326239,10.461666666666666,0.003398926654740609,4.036269430051814,5540.630972941854,4,0,24,0,24,0,6,0,0,24,0,47,0,200,0,"1,987,864"
OK,3,6800,3.0,35.53241557882354,-97.29781755191176,0.24176897160517374,63.20444576170717,58.6774972796518,64.95092661230541,29.368373815165874,9.182072700296736,11.354258578431372,0.009110144057623048,4.080441176470588,62.09663235294118,19,0,694,55,317,5,19,0,16,169,0,1222,0,3774,0,"4,063,882"
DC,1,143,1.0,38.904408454545454,-77.00277184615383,0.010356643356643356,67.77037037037037,67.47407407407407,71.70370370370371,29.922101449275363,9.125985401459856,7.36231884057971,6.521739130434783E-4,3.93006993006993,40.64906759906759,37,0,62,2,3,0,8,0,15,4,0,78,0,121,0,"687,324"
MO,3,25404,3.0,38.75511190611716,-91.8469843600221,0.1394714611444216,57.2975281977442,51.51716573258607,67.83862571577303,29.640086734082086,8.876664931737198,8.86230924031528,0.011175289203084823,4.05908518343568,77.91160315960741,34,0,431,118,2927,73,31,0,47,234,8,2035,0,13106,0,"6,208,038"
ID,2,10600,2.0,43.826928980767235,-115.79240740024518,1.2366737735575777,49.197363662320356,45.622624206389204,59.16090733590734,27.23357563664006,8.954320704171451,7.661936365410892,0.0018678270849273148,4.119150943396226,317.3493742138365,65,0,2653,36,458,84,40,0,202,189,0,1146,0,4295,0,"1,971,122"
NC,4,10404,4.0,35.58420117406869,-79.77951881748467,0.8685578624917104,61.318988101189866,60.13001242516658,69.10463138941682,29.426684625361656,9.138040648778535,5.670925808497145,0.005909136495837931,4.018935024990388,973.7589885300524,46,0,296,39,788,10,65,0,36,163,2,605,0,3412,0,"10,881,189"
KY,4,1232,4.0,38.15584530397054,-85.19932020475294,2.1748417257817536,62.538763575605685,59.44965197215778,70.28428093645485,29.663311148086525,9.106046705587989,7.507602862254025,0.008876781223805533,3.94724025974026,928.5899215367963,4,0,38,1,132,0,2,0,10,10,0,68,0,460,0,"4,550,595"
IN,4,5605,4.0,40.051694517659705,-86.2599347136766,2.0409669943502395,52.9441898527005,47.21672574213558,71.38139619883042,29.53444424395525,8.752841341795106,8.763841915257458,0.007281841812105458,4.12435325602141,2205.953214391912,18,0,101,32,406,1,31,0,3,68,3,347,0,1901,0,"6,880,131"
MA,3,18623,3.0,42.36503927278098,-71.25609001465932,0.2810088065641623,52.93577222582739,45.49993898253375,66.81097329794724,29.933011124311488,8.721964847259658,9.224277623670828,0.007613127240143368,4.027546582183322,54.4287467110562,193,0,788,18,2924,7,100,0,152,42,0,1038,0,12573,0,"7,066,568"
WY,2,3028,2.0,41.764589060822544,-107.2287091217952,3.0152229201234633,31.34681576952236,22.098958333333332,66.13343442001516,23.804985119047622,8.00390243902439,14.419001218026793,0.001590132827324478,4.071003963011889,266.8941820783795,5,0,6,0,134,0,3,0,1,6,0,3,0,1114,0,"585,067"
ID,4,546,4.0,44.262439353379854,-115.10985475419686,3.119338827725296,49.31559633027523,43.652473118279566,58.98515769944341,27.309321100917437,9.044897959183674,9.106090373280944,0.002077922077922078,4.0476190476190474,1429.7779304029307,1,0,20,0,48,0,7,0,0,13,0,18,0,135,0,"1,971,122"
TX,2,450952,2.0,30.953745378037684,-96.98679285038398,0.30703568007421234,69.60981252484063,67.39434504914037,63.79705396197137,29.670078940050498,9.247304967250011,8.474793451324905,0.004760888880870662,4.067191186645142,103.86765372663382,10523,244,68411,4631,20184,1024,5178,10,15370,20197,562,129455,0,212795,0,"30,727,890"
NH,3,2059,3.0,43.18993822778048,-71.4885496624575,0.9547081104698635,48.62381418092909,42.54157927205429,68.24205378973105,29.77314327485379,7.999641981363411,7.632475884244372,0.014515494343334975,3.9601748421563867,65.38199773352761,0,0,90,2,114,8,1,0,0,13,2,131,0,1010,0,"1,402,199"
CA,1,10284,1.0,37.13518307565149,-121.08878898308055,0.04870575648931353,66.60862034837687,66.47306329113925,59.890782953419226,29.716640292750476,9.459860382216062,7.363395358143257,0.0013290322580645161,3.9590626215480356,33.599225333851955,82,13,1035,31,1581,7,140,0,273,575,26,1460,0,4144,0,"39,198,693"
CO,1,970,1.0,39.61843629484536,-104.9449196515464,0.1268886590269423,58.18400412796698,56.47925311203319,48.78947368421053,24.295273477812184,9.700030991735538,8.10889348500517,0.0012293388429752067,4.198969072164949,38.877388316151205,26,0,469,7,27,15,7,0,38,44,0,530,0,691,0,"5,901,339"
UT,2,79800,2.0,40.37346271170687,-111.88260986637405,0.7497358270224855,51.412976542615404,48.42708144796379,54.00119739051446,26.266653144852988,9.04955926695948,8.066181372195366,0.0026132404181184615,4.076428571428571,117.17830137844611,493,1,8858,33,3402,141,391,0,2233,1368,2,11806,0,34248,0,"3,443,222"
FL,3,104064,3.0,27.77402419214137,-81.31615074558924,0.5443220900464018,75.5747862370887,75.33020013094331,73.57449515960103,30.034459334968904,9.348545065421465,8.7139874522187,0.012787966996764592,4.0368811500615,69.10168389965153,119,3,4310,97,8753,175,108,1,671,91,21,9613,0,49542,0,"22,904,868"
MI,1,1048,1.0,42.857405343511466,-84.75184970801526,0.04957156498950572,65.24416826003824,64.76543689320388,72.27246653919694,29.147715105162522,9.453154875717017,7.416666666666668,0.004259789875835719,3.948473282442748,44.5070451653944,16,0,291,0,15,4,12,0,74,12,1,495,0,854,0,"10,083,356"
WV,2,12444,2.0,38.71625973355741,-80.86978190301035,1.080135728041024,53.83583876221499,51.44139929084147,70.03005620265537,28.934722312439103,8.430391838061945,6.259877885580461,0.014010403966512226,4.141192542590807,241.6829087645987,53,0,361,37,1060,9,72,0,15,85,0,534,0,4275,0,"1,770,495"
VT,4,90,4.0,44.00141849691962,-72.89082105408094,4.130244436815051,51.03837209302325,44.185074626865664,70.3953488372093,29.63883720930232,8.493023255813954,7.120833333333334,0.007875000000000002,3.8777777777777778,185.4164814814815,0,0,1,1,5,0,0,0,0,1,0,1,0,41,0,"648,708"
IN,2,45415,2.0,39.948339219424476,-86.22954134192739,1.0231157107292688,52.49640897533122,45.838725611262056,73.70203807390817,29.51750072259156,8.724214510618344,8.537172038980513,0.004474895068794465,4.1112627986348125,106.95205915813413,334,10,5000,359,2766,98,268,0,407,489,26,7673,0,23443,0,"6,880,131"
VT,3,217,3.0,44.010859677419354,-72.74294321198158,3.1991797417902177,47.0663594470046,43.71823204419889,69.85253456221199,29.58958525345622,8.026904761904762,6.902072538860102,0.008037383177570096,4.064516129032258,103.47288786482332,0,0,1,0,9,0,0,0,1,5,0,1,0,120,0,"648,708"
WY,4,546,4.0,41.96431259317481,-106.92445735424768,8.571298532230951,38.4459405940594,28.71801801801802,62.34851485148515,25.457117647058826,8.540217391304349,14.547489539748952,0.0016297786720321928,3.9505494505494507,333.9160561660561,1,0,3,0,46,0,0,0,1,2,0,3,0,177,0,"585,067"
MI,3,40488,3.0,42.5304096855858,-83.5563962693144,0.22963255798299187,50.21526435756405,38.378247918461106,70.4932692069316,29.763953782137005,8.368831731721816,9.355528423263758,0.007923771822980092,4.045346769413159,60.307144092076676,25,0,1011,0,3638,14,21,0,98,15,0,1776,0,17847,0,"10,083,356"
OK,4,485,4.0,35.47450962171033,-97.13962398322666,2.4861979386408306,61.32004310344828,50.6084677419355,67.25757575757575,29.675333333333334,9.27331081081081,11.196897374701676,0.00494279176201373,4.0845360824742265,338.8808247422679,0,0,5,9,101,0,1,0,0,25,0,8,0,170,0,"4,063,882"
NM,2,6749,2.0,34.92478311467116,-106.57242478736894,1.2430619351270202,56.52035050611876,51.61245407077934,41.18250491010727,26.423777243348873,9.663490095266896,8.920025530556885,0.0011721224920802531,4.226255741591347,115.27331209561909,103,10,1009,2,377,1,12,1,69,99,18,2189,0,3505,0,"2,121,164"
OH,1,1706,1.0,40.39955903516999,-82.9647831488863,0.12095486503794073,69.00288235294119,68.54719101123595,66.87455830388693,29.07990571596936,9.499305473808123,8.27631113730112,0.0059283196239717974,4.128370457209847,39.422225478702615,62,0,264,0,35,3,4,0,38,29,0,641,0,1272,0,"11,824,034"
FL,2,755895,2.0,27.492741476011286,-81.50302316767167,0.5047558960651332,75.3299016559045,75.18705611487732,70.96810102799185,30.013686128855053,9.535066961892301,8.47376339028105,0.00725651967757232,4.1197520819690565,154.10211074289447,7782,304,182642,1236,27939,2763,3925,69,55526,15171,1264,142652,0,328504,0,"22,904,868"
AL,4,1828,4.0,32.82329055721389,-86.82574284508141,2.0213615981078252,65.22680067001673,63.743264248704655,71.46953605366126,29.708432794199663,9.255195530726256,5.991607981220659,0.0055338177752934595,4.0902625820568925,398.93661560904445,4,0,16,0,199,0,7,0,1,16,0,71,0,534,0,"5,117,673"
WA,4,4091,4.0,47.47787502739687,-122.04315038301885,1.1675805411921012,52.531823775535315,49.905892143808245,73.83617073772514,29.817186732186745,8.89087441169185,6.976817180616741,0.004001998501124157,4.06502077731606,522.3638433960728,173,5,689,38,279,13,62,5,210,174,11,589,0,1247,0,"7,857,320"
FL,4,13149,4.0,27.6825558378854,-81.40482322069418,2.0588905606064336,74.87149529072933,74.80238283455674,73.78560287006707,30.02206438662858,9.477724100496278,8.25284901459553,0.007387450431537205,4.013232945471138,252.93458184399316,39,0,1599,25,1827,24,63,0,189,83,4,1780,0,4329,0,"22,904,868"
GA,4,12776,4.0,33.383300832441904,-84.02134943576289,1.1776132590872248,63.600490393118406,61.973254182406926,71.52484897301652,29.544380171928985,9.036958617918843,6.09440709868244,0.005584723585214261,4.027943018159048,280.57664370695045,25,0,512,100,1458,0,125,0,6,294,1,793,0,4144,0,"11,064,432"
PA,1,1731,1.0,40.18814259907567,-76.49481991623337,0.3467290597682499,64.53078281341965,64.14603458556948,75.69475545079553,29.4324486200822,8.896323529411765,5.426863905325444,0.0062734741784037555,4.027729636048527,63.97410937800885,37,0,233,49,46,2,19,0,33,121,1,554,0,1207,0,"13,017,721"
OH,4,6447,4.0,40.32568930988667,-82.95684913012298,1.6625818205155274,53.57531734837799,42.84351224596143,71.94681353265146,29.777718089271726,8.781847433683879,9.031018276762401,0.00526027397260274,4.092135877152164,910.5527894110954,32,0,169,2,596,1,38,0,30,125,2,361,0,2240,0,"11,824,034"
VA,3,51324,3.0,37.93534702556311,-77.44739688747957,0.5014921487489408,60.919305892853444,57.80518509513101,68.25821674323846,29.86338857509361,8.990315741432246,7.829532183987637,0.01051700594525324,4.027043878107708,65.009797235861,152,0,749,340,5601,59,127,0,69,175,6,1664,0,25124,0,"8,734,685"
SC,1,6175,1.0,34.42068415449392,-81.53422391983806,0.0070474493660714465,76.54568653276259,76.51881924921447,71.90169603161534,29.356969547325097,9.439259015313684,5.5380323539121825,0.005166118421052631,4.011174089068826,48.541597840755756,45,0,682,8,21,56,86,0,54,327,0,1426,0,4631,0,"5,387,830"
CT,3,16369,3.0,41.46811137638218,-72.90895676675417,0.9311745370365568,56.0193063228975,50.12619542619544,65.59035626535626,29.939030855883434,8.899535396874041,8.421746575342466,0.008433208104945493,4.08998717087177,70.36757183293626,19,0,640,41,1864,4,13,0,1,20,0,478,0,8025,0,"3,643,023"
DE,2,11596,2.0,39.60082117666532,-75.58802924269378,0.39468497756345994,58.61876896402253,55.658594668757345,66.9809259580371,29.98638430287837,9.153283127285391,8.902606237300112,0.004824068470649261,4.183339082442221,3024.674933885248,124,8,1268,55,400,27,59,0,16,353,9,2536,0,5341,0,"1,036,423"
FL,1,7083,1.0,28.000756957927425,-81.94959348637585,0.37328914308194544,78.16928656009472,78.19458685162846,76.32663989290495,29.9698545558249,9.545119336858653,6.533299609770197,0.006485795454545454,3.979669631512071,46.90908278036615,39,0,2273,25,293,10,53,0,324,59,12,3095,0,5068,0,"22,904,868"
NM,1,153,1.0,35.11172665359476,-106.63804966013072,0.012712418316236509,69.62679738562092,69.61842105263158,33.83660130718954,24.677124183006537,9.928104575163399,7.7522875816993455,0.0,4.281045751633987,47.72102396514161,3,0,46,1,1,0,2,0,4,3,1,105,0,113,0,"2,121,164"
MA,4,547,4.0,42.29323826396796,-71.47051241491823,1.2163820857208432,49.547232472324716,41.04682352941177,67.88724584103512,29.789908088235297,8.315714285714286,10.774951456310678,0.003909774436090227,4.095063985374772,222.7051188299817,12,0,39,6,47,0,5,0,53,9,0,73,0,224,0,"7,066,568"
PA,2,247988,2.0,40.319351818709556,-76.58142780143623,0.6840723099638254,52.79189872791986,48.87465969035877,68.61267137292484,29.49085266088928,8.681240386601129,7.1813880856491386,0.005219997691178662,4.074664903140475,174.83625706351376,4876,27,22833,3810,12039,447,2021,1,2468,13228,117,48287,0,106455,0,"13,017,721"
MT,3,143,3.0,46.49514391608392,-111.04298689510487,3.3450629336617217,27.363380281690137,18.242857142857144,77.7394366197183,28.61839160839161,7.463768115942029,9.166666666666666,0.0020863309352517983,3.664335664335664,169.40303030303033,0,0,0,0,18,0,0,0,0,0,0,2,0,60,0,"1,131,302"
WV,4,823,4.0,38.72173811054344,-80.84672294159387,2.1904216313298384,56.35872235872237,52.91833616298813,70.88191881918819,29.354920440636477,8.46251526251526,6.419067796610169,0.013551171393341555,4.055893074119076,689.2004657756174,2,0,13,4,109,2,6,0,0,6,0,20,0,276,0,"1,770,495"
NC,2,293066,2.0,35.500838005992776,-79.91415314673685,0.2909644312172184,62.568309167422,60.834681567586095,65.6820159110964,29.610729310926935,9.12734421809983,6.691696965446455,0.005871689954924837,4.094043662519706,127.97695513411084,5738,183,72041,3051,11376,1447,4334,12,10017,6515,278,88136,0,144792,0,"10,881,189"
IL,3,57748,3.0,41.6080658790434,-88.03895470305467,0.45344127939477197,53.32826624847533,46.69952534003105,67.99025334332991,29.57123546207952,8.875720168199186,9.59830842208897,0.006627880527024888,4.086773567915772,109.83240776015334,424,0,6680,0,5652,377,1755,1,3050,540,2,9391,0,26735,0,"12,642,259"
AL,1,681,1.0,33.058052127753314,-86.71891336857563,0.09548458148729433,74.95375375375374,74.84923780487806,72.44444444444444,29.552713643178414,9.155405405405405,5.329864253393666,0.013174366616989565,4.023494860499266,45.77322564855604,5,0,12,14,29,0,1,0,3,9,2,130,0,454,0,"5,117,673"
MN,1,489,1.0,45.10810250715746,-93.58068295296523,0.21645807660893676,62.82762886597939,62.27474120082816,73.23298969072165,28.940412371134027,9.289225941422593,6.64618556701031,0.006082474226804122,3.8834355828220857,45.07907293796864,1,0,64,10,15,0,0,0,9,21,0,93,0,332,0,"5,753,048"
DC,2,16489,2.0,38.89536057374824,-77.00507232471898,0.41259342592463016,59.26196960101328,57.55867616033754,62.78106396453452,29.978596402650677,9.468779577375681,8.08883141762452,0.0037058303886925797,4.190490630117048,130.2170750197103,1772,8,3952,62,2065,62,383,2,803,519,15,4240,0,7662,0,"687,324"
LA,1,2534,1.0,30.339179045777424,-91.07269693014996,0.024307024481123412,79.30453808752026,79.2747520661157,73.2694489465154,29.954123836503435,9.251925415484394,6.782263374485598,0.012442687747035571,4.03078137332281,37.143606945540654,72,1,246,4,32,0,119,0,100,23,1,847,0,1584,0,"4,588,071"
VT,2,616,2.0,43.66838218634238,-72.76183512390621,0.7654464289255732,43.1653399668325,36.91111111111111,72.90878938640132,29.669801980198017,7.816020236087689,6.66073500967118,0.005694915254237287,4.053571428571429,150.8205898268398,3,0,28,2,10,0,0,0,3,18,0,18,0,325,0,"648,708"
WI,3,9606,3.0,43.25605431074329,-88.42550691515719,0.4050953572557174,47.627830089976975,39.04483807005949,69.0692903495918,29.569756759578244,8.516245819397994,9.593479458090098,0.006977324509059347,3.9811576098271915,69.25422305503504,44,0,693,98,572,57,15,0,96,84,4,619,0,4516,0,"5,930,405"
SC,3,42468,3.0,34.11312633825472,-81.20252763866925,0.28624552569595507,66.80732571784371,65.60306083358874,67.87169476911286,29.84216218152295,8.995540598905846,6.938846300222924,0.009387112521357079,4.09098615428087,60.47439287620482,6,0,352,1,4488,3,15,0,4,23,0,803,0,21651,0,"5,387,830"
NE,3,4151,3.0,41.22079374150806,-96.15799822958323,0.47425126697907793,54.39886005335921,42.99196993670886,66.43997089497938,29.65852756286267,8.950019365771,9.505945366898768,0.006508846249688512,4.06046735726331,52.786810407130815,8,0,121,6,107,2,5,0,8,22,0,206,0,2841,0,"1,987,864"
KS,2,14835,2.0,38.8470233600619,-95.06699500477579,0.9436534546953963,51.585301856453725,46.452165029469555,66.63088870979558,29.090784099197666,8.639590985585716,9.72809618647193,0.00964395155406391,4.118031681833502,147.83846871138073,4,0,140,27,2173,2,35,0,3,58,0,330,0,7640,0,"2,951,500"
SD,3,8,3.0,43.72053925,-98.206636875,0.549,25.8625,9.671428571428573,74.375,29.500000000000004,9.75,10.27142857142857,0.0025,3.625,277.40208333333334,0,0,0,0,2,0,0,0,0,0,0,0,0,4,0,"918,305"
UT,1,632,1.0,40.63213412025317,-111.8621861155063,0.11725474713346627,66.2755,65.64006791171477,38.19166666666667,25.597816666666663,9.853333333333333,8.460472972972973,0.0014357262103505846,4.0094936708860756,46.502162447257376,3,0,154,0,47,3,9,0,12,13,0,241,0,462,0,"3,443,222"
SD,4,60,4.0,44.12161122732697,-100.40485610069798,8.055683332777024,45.97627118644068,38.72105263157894,65.96610169491525,28.21583333333334,8.535087719298245,13.083333333333334,3.3898305084745765E-4,4.366666666666666,738.2736111111112,0,0,1,0,1,0,0,0,0,0,0,8,0,22,0,"918,305"
WI,1,90,1.0,43.15115585555555,-88.56104196666666,0.0945555576019817,64.92222222222222,64.49555555555555,66.14444444444445,29.08511111111111,9.116666666666667,7.442222222222222,8.888888888888887E-4,3.8777777777777778,40.22351851851852,3,0,14,1,7,0,0,0,6,2,0,18,0,70,0,"5,930,405"
IA,1,58,1.0,41.64451222413793,-93.8909182413793,1.5797758770317865,67.61228070175439,66.95087719298245,70.7719298245614,28.934561403508777,9.337719298245615,8.228070175438596,0.0033333333333333335,3.689655172413793,43.07442528735632,3,0,13,1,0,0,0,0,1,4,0,7,0,43,0,"3,218,414"
ND,1,1,1.0,48.15420200000001,-103.639542,0.0,,,,,,,,6.0,29.733333333333334,0,0,0,0,0,0,0,0,0,0,0,0,0,1,0,"789,047"
ND,4,17,4.0,47.24105202502253,-99.09099391172937,3.6727058823529415,36.43333333333333,29.70714285714286,76.73333333333333,29.29333333333333,5.2700000000000005,14.4,0.0033333333333333335,4.529411764705882,3543.1470588235293,0,0,1,0,3,0,0,0,0,0,0,0,0,7,0,"789,047"
ME,1,4,1.0,44.153019750000006,-69.70524599999999,0.1525000035762787,55.225,53.575,61.75,29.885,9.25,8.225,0.0175,3.5,42.083333333333336,0,0,0,0,0,0,0,0,0,0,0,0,0,1,0,"1,399,646"
KS,1,34,1.0,38.82984723529411,-95.08939302941177,0.06882352864041048,68.08823529411765,67.91176470588235,71.82352941176471,28.893235294117645,9.764705882352942,8.794117647058824,0.0058823529411764705,3.3823529411764706,40.24656862745098,0,0,0,0,1,0,0,0,0,2,0,3,0,28,0,"2,951,500"
VT,1,3,1.0,43.48871633333332,-72.63203933333334,0.40666667620340985,53.6,51.56666666666666,79.0,29.47666666666667,4.75,2.3000000000000003,0.0,3.6666666666666665,39.922222222222224,0,0,0,0,0,0,0,0,0,0,0,0,0,1,0,"648,708"
AR,1,37,1.0,35.28511835135135,-92.83998621621622,0.0,73.27027027027027,73.27027027027027,79.05405405405405,29.433243243243243,9.405405405405405,6.702702702702703,0.00918918918918919,3.72972972972973,41.76351351351351,0,0,2,0,3,0,0,0,0,0,0,8,0,30,0,"3,069,463"
WV,1,2,1.0,39.9577755,-79.26509949999999,1.36,53.0,54.0,90.0,29.645,6.5,9.85,0.005,5.5,37.5,0,0,0,0,0,0,0,0,0,0,0,0,0,1,0,"1,770,495"
ID,1,1,1.0,47.701599,-117.019722,1.559999942779541,58.0,58.0,84.0,27.51,10.0,15.0,0.0,4.0,44.083333333333336,0,0,0,0,0,0,0,0,0,0,0,0,0,1,0,"1,971,122"
